signal_1,signal_2
1+0i,1+0i
1+0i,1+0i
1+0i,1+0i
1+0i,1+0i
1+0i,1+0i
1+0i,1+0i
1+0i,1+0i
1+0i,1+0i
1+0i,1+0i
1+0i,1+0i
1+0i,1+0i
1+0i,1+0i
1+0i,1+0i
1+0i,1+0i
1+0i,1+0i
1+0i,1+0i
1+0i,1+0i
1+0i,1+0i
1+0i,1+0i
1+0i,1+0i
1+0i,1+0i
1+0i,1+0i
1+0i,1+0i
1+0i,1+0i
1+0i,1+0i
1+0i,1+0i
1+0i,1+0i
1+0i,1+0i
1+0i,1+0i
1+0i,1+0i
1+0i,1+0i
1+0i,1+0i
1+0i,1+0i
1+0i,1+0i
1+0i,1+0i
1+0i,1+0i
1+0i,1+0i
1+0i,1+0i
1+0i,1+0i
1+0i,1+0i
1+0i,1+0i
1+0i,1+0i
1+0i,1+0i
1+0i,1+0i
1+0i,1+0i
1+0i,1+0i
1+0i,1+0i
1+0i,1+0i
1+0i,1+0i
1+0i,1+0i
1+0i,1+0i
1+0i,1+0i
1+0i,1+0i
1+0i,1+0i
1+0i,1+0i
1+0i,1+0i
1+0i,1+0i
1+0i,1+0i
1+0i,1+0i
1+0i,1+0i
1+0i,1+0i
1+0i,1+0i
1+0i,1+0i
1+0i,1+0i
1+0i,1+0i
1+0i,1+0i
1+0i,1+0i
1+0i,1+0i
1+0i,1+0i
1+0i,1+0i
1+0i,1+0i
1+0i,1+0i
1+0i,1+0i
1+0i,1+0i
1+0i,1+0i
1+0i,1+0i
1+0i,1+0i
1+0i,1+0i
1+0i,1+0i
1+0i,1+0i
1+0i,1+0i
1+0i,1+0i
1+0i,1+0i
1+0i,1+0i
1+0i,1+0i
1+0i,1+0i
1+0i,1+0i
1+0i,1+0i
1+0i,1+0i
1+0i,1+0i
1+0i,1+0i
1+0i,1+0i
1+0i,1+0i
1+0i,1+0i
1+0i,1+0i
1+0i,1+0i
1+0i,1+0i
1+0i,1+0i
1+0i,1+0i
1+0i,1+0i
1+0i,1+0i
